-- MariaDB dump 10.19  Distrib 10.4.24-MariaDB, for Win64 (AMD64)
--
-- Host: localhost    Database: shop_las
-- ------------------------------------------------------
-- Server version	10.4.24-MariaDB

/*!40101 SET @OLD_CHARACTER_SET_CLIENT=@@CHARACTER_SET_CLIENT */;
/*!40101 SET @OLD_CHARACTER_SET_RESULTS=@@CHARACTER_SET_RESULTS */;
/*!40101 SET @OLD_COLLATION_CONNECTION=@@COLLATION_CONNECTION */;
/*!40101 SET NAMES utf8mb4 */;
/*!40103 SET @OLD_TIME_ZONE=@@TIME_ZONE */;
/*!40103 SET TIME_ZONE='+00:00' */;
/*!40014 SET @OLD_UNIQUE_CHECKS=@@UNIQUE_CHECKS, UNIQUE_CHECKS=0 */;
/*!40014 SET @OLD_FOREIGN_KEY_CHECKS=@@FOREIGN_KEY_CHECKS, FOREIGN_KEY_CHECKS=0 */;
/*!40101 SET @OLD_SQL_MODE=@@SQL_MODE, SQL_MODE='NO_AUTO_VALUE_ON_ZERO' */;
/*!40111 SET @OLD_SQL_NOTES=@@SQL_NOTES, SQL_NOTES=0 */;

--
-- Table structure for table `tbl_admin`
--

DROP TABLE IF EXISTS `tbl_admin`;
/*!40101 SET @saved_cs_client     = @@character_set_client */;
/*!40101 SET character_set_client = utf8 */;
CREATE TABLE `tbl_admin` (
  `adminID` int(11) NOT NULL AUTO_INCREMENT,
  `adminName` varchar(255) NOT NULL,
  `adminEmail` varchar(150) NOT NULL,
  `adminUser` varchar(255) NOT NULL,
  `adminPass` varchar(255) NOT NULL,
  `adminLevel` int(30) NOT NULL,
  PRIMARY KEY (`adminID`)
) ENGINE=InnoDB AUTO_INCREMENT=5 DEFAULT CHARSET=utf8;
/*!40101 SET character_set_client = @saved_cs_client */;

--
-- Dumping data for table `tbl_admin`
--

LOCK TABLES `tbl_admin` WRITE;
/*!40000 ALTER TABLE `tbl_admin` DISABLE KEYS */;
INSERT INTO `tbl_admin` VALUES (4,'LIEM','1213@gmail.com','liem','202cb962ac59075b964b07152d234b70',0);
/*!40000 ALTER TABLE `tbl_admin` ENABLE KEYS */;
UNLOCK TABLES;

--
-- Table structure for table `tbl_brand`
--

DROP TABLE IF EXISTS `tbl_brand`;
/*!40101 SET @saved_cs_client     = @@character_set_client */;
/*!40101 SET character_set_client = utf8 */;
CREATE TABLE `tbl_brand` (
  `brandID` int(11) NOT NULL AUTO_INCREMENT,
  `brandName` varchar(255) NOT NULL,
  PRIMARY KEY (`brandID`)
) ENGINE=InnoDB AUTO_INCREMENT=10 DEFAULT CHARSET=utf8;
/*!40101 SET character_set_client = @saved_cs_client */;

--
-- Dumping data for table `tbl_brand`
--

LOCK TABLES `tbl_brand` WRITE;
/*!40000 ALTER TABLE `tbl_brand` DISABLE KEYS */;
INSERT INTO `tbl_brand` VALUES (3,'OPPO'),(7,'DELL'),(8,'SAMSUNG'),(9,'Huawei');
/*!40000 ALTER TABLE `tbl_brand` ENABLE KEYS */;
UNLOCK TABLES;

--
-- Table structure for table `tbl_cart`
--

DROP TABLE IF EXISTS `tbl_cart`;
/*!40101 SET @saved_cs_client     = @@character_set_client */;
/*!40101 SET character_set_client = utf8 */;
CREATE TABLE `tbl_cart` (
  `cartID` int(11) NOT NULL AUTO_INCREMENT,
  `productID` int(11) NOT NULL,
  `sID` varchar(255) NOT NULL,
  `productName` varchar(255) NOT NULL,
  `price` varchar(200) NOT NULL,
  `quantity` int(11) NOT NULL,
  `image` varchar(200) NOT NULL,
  PRIMARY KEY (`cartID`)
) ENGINE=InnoDB AUTO_INCREMENT=53 DEFAULT CHARSET=utf8;
/*!40101 SET character_set_client = @saved_cs_client */;

--
-- Dumping data for table `tbl_cart`
--

LOCK TABLES `tbl_cart` WRITE;
/*!40000 ALTER TABLE `tbl_cart` DISABLE KEYS */;
INSERT INTO `tbl_cart` VALUES (18,12,'as09qjko7kntfra2lfd1blikn0','PH','123',1,'c59d516dc8.png'),(19,10,'apnf8slcibd544pnijtk9ujpeg','Liem','434',1,'bf29094379.png');
/*!40000 ALTER TABLE `tbl_cart` ENABLE KEYS */;
UNLOCK TABLES;

--
-- Table structure for table `tbl_category`
--

DROP TABLE IF EXISTS `tbl_category`;
/*!40101 SET @saved_cs_client     = @@character_set_client */;
/*!40101 SET character_set_client = utf8 */;
CREATE TABLE `tbl_category` (
  `catID` int(11) NOT NULL AUTO_INCREMENT,
  `catName` varchar(255) NOT NULL,
  PRIMARY KEY (`catID`)
) ENGINE=InnoDB AUTO_INCREMENT=22 DEFAULT CHARSET=utf8;
/*!40101 SET character_set_client = @saved_cs_client */;

--
-- Dumping data for table `tbl_category`
--

LOCK TABLES `tbl_category` WRITE;
/*!40000 ALTER TABLE `tbl_category` DISABLE KEYS */;
INSERT INTO `tbl_category` VALUES (19,'Desktop'),(20,'Laptop'),(21,'Mobiles Phone');
/*!40000 ALTER TABLE `tbl_category` ENABLE KEYS */;
UNLOCK TABLES;

--
-- Table structure for table `tbl_customer`
--

DROP TABLE IF EXISTS `tbl_customer`;
/*!40101 SET @saved_cs_client     = @@character_set_client */;
/*!40101 SET character_set_client = utf8 */;
CREATE TABLE `tbl_customer` (
  `id` int(11) NOT NULL AUTO_INCREMENT,
  `name` varchar(255) NOT NULL,
  `address` varchar(255) NOT NULL,
  `city` varchar(30) NOT NULL,
  `country` varchar(30) NOT NULL,
  `zipcode` varchar(30) NOT NULL,
  `phone` varchar(30) NOT NULL,
  `email` varchar(50) NOT NULL,
  `password` varchar(200) NOT NULL,
  PRIMARY KEY (`id`)
) ENGINE=InnoDB AUTO_INCREMENT=9 DEFAULT CHARSET=utf8;
/*!40101 SET character_set_client = @saved_cs_client */;

--
-- Dumping data for table `tbl_customer`
--

LOCK TABLES `tbl_customer` WRITE;
/*!40000 ALTER TABLE `tbl_customer` DISABLE KEYS */;
INSERT INTO `tbl_customer` VALUES (8,'Bang','KH Hòa An, p Thới Hòa, quận Ô Môn','Cần Thơ','ct','900000','0899066240','phanthanhliem.0805201@gmail.com','202cb962ac59075b964b07152d234b70');
/*!40000 ALTER TABLE `tbl_customer` ENABLE KEYS */;
UNLOCK TABLES;

--
-- Table structure for table `tbl_order`
--

DROP TABLE IF EXISTS `tbl_order`;
/*!40101 SET @saved_cs_client     = @@character_set_client */;
/*!40101 SET character_set_client = utf8 */;
CREATE TABLE `tbl_order` (
  `id` int(11) NOT NULL AUTO_INCREMENT,
  `productID` int(11) NOT NULL,
  `productName` varchar(255) NOT NULL,
  `customer_id` int(11) NOT NULL,
  `quantity` int(11) NOT NULL,
  `price` varchar(255) NOT NULL,
  `image` varchar(255) NOT NULL,
  `status` int(11) NOT NULL DEFAULT 0,
  `date_order` timestamp NOT NULL DEFAULT current_timestamp(),
  PRIMARY KEY (`id`)
) ENGINE=InnoDB AUTO_INCREMENT=18 DEFAULT CHARSET=utf8;
/*!40101 SET character_set_client = @saved_cs_client */;

--
-- Dumping data for table `tbl_order`
--

LOCK TABLES `tbl_order` WRITE;
/*!40000 ALTER TABLE `tbl_order` DISABLE KEYS */;
INSERT INTO `tbl_order` VALUES (14,10,'Liem',8,3,'1302','bf29094379.png',2,'2022-05-29 10:08:18'),(16,9,'LIEM',8,1,'6000','e6bb6d5fb9.jpg',2,'2022-05-29 12:27:23');
/*!40000 ALTER TABLE `tbl_order` ENABLE KEYS */;
UNLOCK TABLES;

--
-- Table structure for table `tbl_product`
--

DROP TABLE IF EXISTS `tbl_product`;
/*!40101 SET @saved_cs_client     = @@character_set_client */;
/*!40101 SET character_set_client = utf8 */;
CREATE TABLE `tbl_product` (
  `productID` int(11) NOT NULL AUTO_INCREMENT,
  `productName` tinytext NOT NULL,
  `catID` int(11) NOT NULL,
  `brandID` int(11) NOT NULL,
  `product_desc` text NOT NULL,
  `type` int(11) NOT NULL,
  `price` varchar(255) NOT NULL,
  `image` varchar(255) NOT NULL,
  PRIMARY KEY (`productID`)
) ENGINE=InnoDB AUTO_INCREMENT=14 DEFAULT CHARSET=utf8;
/*!40101 SET character_set_client = @saved_cs_client */;

--
-- Dumping data for table `tbl_product`
--

LOCK TABLES `tbl_product` WRITE;
/*!40000 ALTER TABLE `tbl_product` DISABLE KEYS */;
INSERT INTO `tbl_product` VALUES (9,'LIEM',21,9,'<p>123</p>',0,'6000','e6bb6d5fb9.jpg'),(10,'Liem',19,8,'<p>123</p>',0,'434','bf29094379.png'),(11,'Hung',19,7,'<p>123</p>',0,'123','ce85aa5246.png'),(12,'PH',21,3,'<p>123</p>',0,'123','c59d516dc8.png');
/*!40000 ALTER TABLE `tbl_product` ENABLE KEYS */;
UNLOCK TABLES;
/*!40103 SET TIME_ZONE=@OLD_TIME_ZONE */;

/*!40101 SET SQL_MODE=@OLD_SQL_MODE */;
/*!40014 SET FOREIGN_KEY_CHECKS=@OLD_FOREIGN_KEY_CHECKS */;
/*!40014 SET UNIQUE_CHECKS=@OLD_UNIQUE_CHECKS */;
/*!40101 SET CHARACTER_SET_CLIENT=@OLD_CHARACTER_SET_CLIENT */;
/*!40101 SET CHARACTER_SET_RESULTS=@OLD_CHARACTER_SET_RESULTS */;
/*!40101 SET COLLATION_CONNECTION=@OLD_COLLATION_CONNECTION */;
/*!40111 SET SQL_NOTES=@OLD_SQL_NOTES */;

-- Dump completed on 2022-05-29 21:39:22
